Korean,English,Topic
제 이메일 확인해보셨을까요?, Did you get a chance to check my email?,직장인을 위한 영어패턴1-25
프로젝트에 대해 업데이트 해줄수 있어요?,Could you update us on the project? ,직장인을 위한 영어패턴1-25
그 연구에 대해 업데이트사항 있어요?,Any update on the research?,직장인을 위한 영어패턴1-25
그게 무슨 뜻인지 명확히 설명해주실 수 있나요?,Could you clarify what you mean by that? ,직장인을 위한 영어패턴1-25
이것에 대해서 어떻게 생각하세요?,What are your thoughts on this??,직장인을 위한 영어패턴1-25
우리는 이것을 지금 분석하고 있는 중입니다.,We’re in the process of analyzing it now. ,직장인을 위한 영어패턴1-25
그에게 물어봐야할 것입니다.,You would have to ask him that. ,직장인을 위한 영어패턴1-25
제 생각엔 그가 맞는것 같아요,I would say he’s right. ,직장인을 위한 영어패턴1-25
시간이 없으니 다음 건으로 넘어가시죠,We’re running/getting short on time so let’s move on to our next item.,직장인을 위한 영어패턴1-25
생각좀해보시고 저에게 알려주세요,Give it some thought and get back to me. ,직장인을 위한 영어패턴1-25
서면으로 해주실 수 있으세요?,Could you put that in writing? ,직장인을 위한 영어패턴1-25
우리가 이걸 이번주까지 끝내는게 중요해요,It’s essential that we get this done by this week. ,직장인을 위한 영어패턴1-25
그 세미나를 취소해야할지도 몰라요,We may have to call off the seminar.  ,직장인을 위한 영어패턴1-25
내일 아침까지 저에게 보내주시면 좋겠습니다.,It would be great if you could send it to me by tomorrow. ,직장인을 위한 영어패턴1-25
덧붙일 말 있어요?,Do you have anything to add? ,직장인을 위한 영어패턴1-25
그게 언제 완료될 것으로 예상하나요?,When do you expect to have that completed? ,직장인을 위한 영어패턴1-25
3시30분에 그 세션에 참석하는거 기억해두세요,Please make a note to attend that session at 3:30,직장인을 위한 영어패턴1-25
특별히 생각해둔건 없어요,I don’t have anything particular in mind. ,직장인을 위한 영어패턴1-25
(전화를 대신받음) 그에게 다시 전화하라고 할게요,I’ll have him call you back. ,직장인을 위한 영어패턴1-25
그 이슈를 해결하기위해 노력하고 있어요,We’re working to fix the issue.,직장인을 위한 영어패턴1-25
금요일까지 보내드릴게요 (책임감있게. 적극적으로),I’ll have it sent to you by Friday.,직장인을 위한 영어패턴1-25
우리 서로 생각이 같다니 다행이네요,I’m glad we’re on the same page. ,직장인을 위한 영어패턴1-25
가능하면 내일 뵙고싶습니다.,"I would like to see you tomorrow morning, if possible. ",직장인을 위한 영어패턴1-25
"혹시몰라 알려드리는데, 우리 다음주에 conference가 있어요","Quick reminder, we have a conference scheduled for next week. ",직장인을 위한 영어패턴1-25
혹시 생각 있으세요?,Would you be interested by any chance? ,직장인을 위한 영어패턴1-25
제가 내일 출근하자마자 보내드릴게요,I'll send it to you first thing in the moring,미국 직장인이 매일 쓰는 영어 100문장
월요일은 어떠세요?,How does Monday sound?,미국 직장인이 매일 쓰는 영어 100문장
월요일은 안될것 같아요,I don't think I can do Monday,미국 직장인이 매일 쓰는 영어 100문장
혹시 바쁘신데 제가 연락드리고 있나요?,Am I catching you at a bad time?,미국 직장인이 매일 쓰는 영어 100문장
"사실, 오늘 중으로 필요해요","Actually, I need it by the end of the day.",미국 직장인이 매일 쓰는 영어 100문장
일하는데 방해해서 미안해요,Sorry to interrupt your work,미국 직장인이 매일 쓰는 영어 100문장
제가 알아보고 다시 연락드릴게요,I’ll look into it and get back to you,미국 직장인이 매일 쓰는 영어 100문장
회신 기다리겠습니다.,I look forward to your reply.,미국 직장인이 매일 쓰는 영어 100문장
한마디만 해도 될까요?,Can I add one thing?,미국 직장인이 매일 쓰는 영어 100문장
이것에 대해서 어떻게 생각하세요?,What are your thoughts on this?,미국 직장인이 매일 쓰는 영어 100문장
왜 그 이메일에 저는 참조되지 않았나요?,Why wasn’t I cc’d on the email?,미국 직장인이 매일 쓰는 영어 100문장
언제가 좋은세요? 제가 일정에 맞춰보도록 할게요,When’s a good time for you? I’ll try to work around your schedule.,미국 직장인이 매일 쓰는 영어 100문장
죄송하지만 회의일정을 다시 잡아야할 것 같아요,I’m afraid we’re going to have to reschedule our meeting.,미국 직장인이 매일 쓰는 영어 100문장
갑작스러운 요청에도 만나주셔서 감사합니다.,Thank you for seeing me on such short notice.,미국 직장인이 매일 쓰는 영어 100문장
너무 촉박하게 알려줘서 미안해요,I’m sorry for the short notice.,미국 직장인이 매일 쓰는 영어 100문장
모두 동의하는 건가요?,Are we all on the same page?,미국 직장인이 매일 쓰는 영어 100문장
잠깐 저좀 볼수있어요?,Can I see you for a sec?,미국 직장인이 매일 쓰는 영어 100문장
그분에게 메시지 꼭 전달해드릴게요,I’ll see that he gets the message.,미국 직장인이 매일 쓰는 영어 100문장
제가 지금 회의중이라서요. 이따가 전화드려도 될까요?,I’m in the middle of a meeting. Can I call you back later?,미국 직장인이 매일 쓰는 영어 100문장
그는 오늘 퇴근했어요,He is gone(has left) for the day.,미국 직장인이 매일 쓰는 영어 100문장
마지막 질문을 다시 명확히 해주시겠어요?,Could you clarify your last question?,미국 직장인이 매일 쓰는 영어 100문장
아직 그것에대해 생각해볼 겨를이 없었어요,I haven’t had a chance to think about it yet.,미국 직장인이 매일 쓰는 영어 100문장
요청하신 파일입니다.,Here’s the file you requested.,미국 직장인이 매일 쓰는 영어 100문장
좋은 아이디어를 생각해냈어요,I’ve come up with a great idea.,미국 직장인이 매일 쓰는 영어 100문장
저희가 최대한 빨리 다시 연락을 드리겠습니다,We’ll get back to you as soon as we can.,미국 직장인이 매일 쓰는 영어 100문장
시간이 별로 없기 때문에 질문 하나만 더 받겠습니다,"We’re a little short on time, so I’ll just take one more question.",미국 직장인이 매일 쓰는 영어 100문장
급하게 처리해야하는 것인가요?,Is it time sensitive?,미국 직장인이 매일 쓰는 영어 100문장
저에게 직접 이메일로 보내주시면 됩니다,You can email it to me directly.,미국 직장인이 매일 쓰는 영어 100문장
죄송합니다. 그건 제가 결정할 수 있는 것이 아니라서요,"I’m sorry, but it’s not up to me.",미국 직장인이 매일 쓰는 영어 100문장
제가 담당자가 아니라서요. 다시 전화 주시겠어요?,"I’m not the person in charge, so could you call back later?",미국 직장인이 매일 쓰는 영어 100문장
제가 나중에 다시 문의 드릴게요,I’ll check back with you later,미국 직장인이 매일 쓰는 영어 100문장
지금 클라이언트와 계십니다,He’s with a client at the moment.,미국 직장인이 매일 쓰는 영어 100문장
바쁘신 걸 알기 때문에 간단하게 말씀드릴게요,"I know you’re busy, so I’ll be brief.",미국 직장인이 매일 쓰는 영어 100문장
월요일에 간단하게 회의를 합시다,Let’s do a quick meeting on Monday.,미국 직장인이 매일 쓰는 영어 100문장
잠깐 시간 돼요?,Do you have a minute?,미국 직장인이 매일 쓰는 영어 100문장
시간이 좀 걸리지만 그래도 진행되고 있어요,"It’s taking some time, but it’s coming along",미국 직장인이 매일 쓰는 영어 100문장
"미안해요,. 제가 지금은 좀 바빠서요","I’m sorry, but I’m a little tied up right now.",미국 직장인이 매일 쓰는 영어 100문장
방금 잠깐 나가셨는데요,He just stepped out.,미국 직장인이 매일 쓰는 영어 100문장
Mike 여기서부터 맡아서 진행해줄 수 있어요?,"Mike, can you take it from here?",미국 직장인이 매일 쓰는 영어 100문장
"미안하지만,, 그부분에 대해서는 동의할 수 없네요","I’m sorry, but I’m not with you on that.",미국 직장인이 매일 쓰는 영어 100문장
알아볼 수 있었나요?,Were you able to find out?,미국 직장인이 매일 쓰는 영어 100문장
제가한번 연락해볼게요,I’ll try to reach him.,미국 직장인이 매일 쓰는 영어 100문장
내일까지 확답을 드릴게요,I’ll give you a definite answer by tomorrow.,미국 직장인이 매일 쓰는 영어 100문장
따로 얘기 좀 할 수 있을까요?),Can I have word with you in private?,미국 직장인이 매일 쓰는 영어 100문장
내일 아침에 일정을 좀 비워 놓을게요,I’ll clear some time on my schedule tomorrow morning.,미국 직장인이 매일 쓰는 영어 100문장
프로젝트의 지금까지의 진행상황을 알려줄 수 있어요?,Could you give me an update on the project?,미국 직장인이 매일 쓰는 영어 100문장
아직 작업하고 있는 중이에요,I’m still working on it.,미국 직장인이 매일 쓰는 영어 100문장
제가 바로 할게요,I’m on it.,미국 직장인이 매일 쓰는 영어 100문장
이렇게 직접 만나서 반가워요,It’s so nice to meet you in person,미국 직장인이 매일 쓰는 영어 100문장
회의가 길어졌어요,The meeting ran over.,미국 직장인이 매일 쓰는 영어 100문장
제가 하루만 더 생각해볼게요,Let me sleep on it.,미국 직장인이 매일 쓰는 영어 100문장
저 좀 보자고 하셨다면서요,I heard you wanted to see me.,미국 직장인이 매일 쓰는 영어 100문장
변동 사항이 생기면 알려드릴게요,I’ll let you know if anything changes.,미국 직장인이 매일 쓰는 영어 100문장
진행 상황을 계속해서 알려줘서 고마워요,Thanks for keeping me in the loop /posted/updated.,미국 직장인이 매일 쓰는 영어 100문장
지금은 결정을 잠시 보류합시다,Let’s hold off on the decision for now.,미국 직장인이 매일 쓰는 영어 100문장
혹시 월요일에 회의할 시간 되세요?,Are you available for meeting on Monday?,미국 직장인이 매일 쓰는 영어 100문장
송금을 아직 받지 못했습니다,Your wire didn’t come through yet.,미국 직장인이 매일 쓰는 영어 100문장
잠깐 통화 좀 해도 될까요?,Would you mind if I make a quick phone call?,미국 직장인이 매일 쓰는 영어 100문장
잠시 후에 여기에 슬라이드를 불러오겠습니다.,I’m just gonna take a second to pull up my slides here.,미국 직장인이 매일 쓰는 영어 100문장
이번주 스케쥴이 어떻게 돼요?,What’s your schedule like this week?,미국 직장인이 매일 쓰는 영어 100문장
여기까지 와주셔서 감사합니다,Thank you for coming all the way here.,미국 직장인이 매일 쓰는 영어 100문장
회계일을 어떻게 시작했어요?,How did you get into accounting ?,원어민이 가장 많이 쓰는 구동사 30개
검정색으로 합시다,Let's go with black,원어민이 가장 많이 쓰는 구동사 30개
치킨은 맥주와 잘 어울린다,Fried chicken goes great with beer,원어민이 가장 많이 쓰는 구동사 30개
나중에 커피한잔하러 올래요?,Do you wanna drop by later for coffee?,원어민이 가장 많이 쓰는 구동사 30개
그냥 잠깐 들렀어,I'm just dropping by,원어민이 가장 많이 쓰는 구동사 30개
좀 자제하고 있어서요. (그래서 사양할게요),I'm trying to cut back,원어민이 가장 많이 쓰는 구동사 30개
우리 소비를 줄여야할 것 같아,I think we need to cut back on our spending,원어민이 가장 많이 쓰는 구동사 30개
알고보니 실수였어,It turned out to be a mistake,원어민이 가장 많이 쓰는 구동사 30개
알고보니 고등학생이였어,He turned out to be in high school,원어민이 가장 많이 쓰는 구동사 30개
회의 잘 끝났어?,Did the meeting turn out well?,원어민이 가장 많이 쓰는 구동사 30개
제가 생각했던 것보다 훨씬 어려웠어요,But is turned out to be more difficut than I thought,원어민이 가장 많이 쓰는 구동사 30개
오늘 외식하자,Let's eat out,원어민이 가장 많이 쓰는 구동사 30개
집에 너무 늦게 들어오지마,Don't stay out too late,원어민이 가장 많이 쓰는 구동사 30개
제가 날짜를 빠뜨렸어요,I'm sorry. I left the dates out,원어민이 가장 많이 쓰는 구동사 30개
빠뜨린 이름이 없는지 꼭 확인해,Make sure you don’t leave any names out,원어민이 가장 많이 쓰는 구동사 30개
이거 마무리 지어야해,I need to finish this up,원어민이 가장 많이 쓰는 구동사 30개
지금 막 24페이지 마무리 짓고 있어요,Just finishing up page 24,원어민이 가장 많이 쓰는 구동사 30개
내일까지 끝낼수 있을지 모르겠어요,I'm not sure if I could finish this up by tormorrow,원어민이 가장 많이 쓰는 구동사 30개
오늘은 여기까지 하고 내일 마무리 짓는게 어때?,Why don't we call it a day and finish up tomorrow?,원어민이 가장 많이 쓰는 구동사 30개
다 썼어,I used it up,원어민이 가장 많이 쓰는 구동사 30개
저번에 병가를 다 썼어,I used up all my sick days last time,원어민이 가장 많이 쓰는 구동사 30개
커피 마시러갈래?,You wann go for coffe?,원어민이 가장 많이 쓰는 구동사 30개
뭐좀 먹으러 갈건데 같이갈래?,I'm gonna go for a bite. Do you wanna come along?,원어민이 가장 많이 쓰는 구동사 30개
저희는 금연실 요청했는데요,"I'm sorry, but we asked for a non-smoking room",원어민이 가장 많이 쓰는 구동사 30개
아주 맵게 해달라고 요청했는데요,I asked for extra spicy,원어민이 가장 많이 쓰는 구동사 30개
드라이브갈래?,You up for drive?,원어민이 가장 많이 쓰는 구동사 30개
마시러갈래?,Up for a drink?,원어민이 가장 많이 쓰는 구동사 30개
난 단걸 별로 안좋아해,I don't really care for sweets,원어민이 가장 많이 쓰는 구동사 30개
커피마실래?,Care for some coffee?,원어민이 가장 많이 쓰는 구동사 30개
와인/커피 마시러가시겠습니까?,Would you care for some wine/coffee?,원어민이 가장 많이 쓰는 구동사 30개
난 엄마를 닮았어(외모 기질 버릇 포함),I take after my mom.,원어민이 가장 많이 쓰는 구동사 30개
커피사왔어,I picked you up some coffee,원어민이 가장 많이 쓰는 구동사 30개
한국에 갔을 때 한국어를 배웠어요,I picked up a little Korean when I was in Korea,원어민이 가장 많이 쓰는 구동사 30개
밤늦게 자는 것은 대학생 시절때 든 버릇이야.,Staying up late is a habit I picked up in college,원어민이 가장 많이 쓰는 구동사 30개
출근길에 정말 좋은 식당을 발견했어요,I came across a really good restaurant on my way to work,원어민이 가장 많이 쓰는 구동사 30개
그 얘 어땠어? (인상),How did she come across?,원어민이 가장 많이 쓰는 구동사 30개
보통 어떻게 출근하세요?,How do you usually get to work?,원어민이 가장 많이 쓰는 구동사 30개
그 파일을 볼 기회가 없었어,I never got to see that file,원어민이 가장 많이 쓰는 구동사 30개
일을 시작합시다.,Let's get to work,원어민이 가장 많이 쓰는 구동사 30개
그녀는 어려운 시간을 겪고있다.,She's going through a lot,원어민이 가장 많이 쓰는 구동사 30개
이렇게 번거롭게해서 미안해요,Sorry to make you go through this,원어민이 가장 많이 쓰는 구동사 30개
수고해주셔서 감사합니다.,Thank you for going thorugh the trouble.,원어민이 가장 많이 쓰는 구동사 30개
모든 파일을 확인해봤어?,Did you go thorugh every single file?,원어민이 가장 많이 쓰는 구동사 30개
사진찍기 언제 시작했어? (배우는것을),When did you take up photography?,원어민이 가장 많이 쓰는 구동사 30개
시간을 빼앗아서 미안해요,Sorry to take up your time,원어민이 가장 많이 쓰는 구동사 30개
내일 아침에 당신의 사무실에 방문하고 싶어요. 계실건가요?,I want drop by your office tomorrow morning . Will you be around?,원어민이 가장 많이 쓰는 구동사 30개
그냥 구경하는거에요,I'm just looking around,원어민이 가장 많이 쓰는 구동사 30개
좀 알아봐주셨으면 해서요,I was hoping you could ask around,원어민이 가장 많이 쓰는 구동사 30개
제가 기꺼이 알아봐드릴게요,I would be happy to ask around for you,원어민이 가장 많이 쓰는 구동사 30개
"미안, 회사에 붙잡혔어","Sorry, I got held up at work",원어민이 가장 많이 쓰는 구동사 30개
"미안, 내가 좀 늦었어. (무엇때문에 할 수 없이)"," Sorry, I got held up",원어민이 가장 많이 쓰는 구동사 30개
너가 무슨말을 하려고하는지 잘 모르겠어,I'm not sure what your're getting at.,원어민이 가장 많이 쓰는 구동사 30개
사용해 봤는데 별로 마음에 안들었어,"I did try it out, but I didn’t' really like it",원어민이 가장 많이 쓰는 구동사 30개
(시간내서) 할게요,I'll get around to it,원어민이 가장 많이 쓰는 구동사 30개
"나 산책하러갈건데, 같이갈래?",I'm gonna go for a walk. Do you want to come along?,원어민이 가장 많이 쓰는 구동사 30개
시간이 좀 걸리긴해도 잘 되고 있어,"It's taking a while, but it's coming along",원어민이 가장 많이 쓰는 구동사 30개
먼저가 내가 뒤따라갈게요,I'll catch up with you,원어민이 가장 많이 쓰는 구동사 30개
"정말 가고싶지만, 밀린 일을 좀 해야해.","I would love to go, but I have to catch up on some work",원어민이 가장 많이 쓰는 구동사 30개
밀린 잠을 잘거예요,I'm gonna catch up on my sleep,원어민이 가장 많이 쓰는 구동사 30개
조만간 밀린얘기나 하자,Let's catch up soon,원어민이 가장 많이 쓰는 구동사 30개
지금 뭐하고있어? (일에 대해서),What are you working on?,원어민이 가장 많이 쓰는 구동사 30개
발음 연습을 해야해,I need to work on my pronuncication,원어민이 가장 많이 쓰는 구동사 30개
이것에 대해서 어떻게 생각해?,How do you feel about this?,일상 영어 회화 패턴 20개
"죄송한데, 제가 지금 회의중이라서요.","Sorry, I'm in the middle of a meeting",일상 영어 회화 패턴 20개
"미안, 지금 뭐 하고있는 중이었어?","I'm sorry, were you in the middle of something?",일상 영어 회화 패턴 20개
우리 잠깐 쉬는게 어때?,Why don't we take a quick break?,일상 영어 회화 패턴 20개
요즘 하고있는 일은 어때?,How are things with your work?,일상 영어 회화 패턴 20개
어떻게 계산하길 원하세요?,How would you like to pay?,일상 영어 회화 패턴 20개
무엇 때문에 그 이름을 선택하게 되었어?,What made you pick that name?,일상 영어 회화 패턴 20개
더 좋은 아이디어가 생각나지 않아,I can't think of a better idea,일상 영어 회화 패턴 20개
아무리 생각해도 기억이 잘 안나,I can't seem to remember,일상 영어 회화 패턴 20개
원하시면 얼마든지 우리랑 함께 하셔도 돼요,You're more than welcome to join us if you'd like,일상 영어 회화 패턴 20개
오늘저녁엔 외식하고싶어,I feel like eating out tonight,일상 영어 회화 패턴 20개
재밌겠지만 별로 안가고싶네,"Sounds fun, but I don't feel like going",일상 영어 회화 패턴 20개
죄송하지만 마지막부분을 못들었어요. 다시한번 말해주실수있나요?,"Sorry, I didn't get the last part. Could you repeat?",일상 영어 회화 패턴 20개
이거 어떻게 구했어?,How did you manage to get this?,일상 영어 회화 패턴 20개
여기서 만날거라고 생각도 못했어,I never thought I would see you here,일상 영어 회화 패턴 20개
물어보려고했는데. 그날 어떤일이 있엇어?,I've been meaning to ask you. What happended the other day?,일상 영어 회화 패턴 20개
전화 잘 주셨어요. 제가 전화려고했었거든요,Good thing you called. I was just about to call you,일상 영어 회화 패턴 20개
10시 예약이있어 왔어요,I'm here for my 10 o'clock appointment,일상 영어 회화 패턴 20개
니가 이거 필요할까해서,I thought you might need this,일상 영어 회화 패턴 20개
평소에는 술을 잘 안마셔요,I normally don’t drink,일상 영어 회화 패턴 20개
끝내자마자 도와줄게,"As soon as I'm done, I'll help you.",일상 영어 회화 패턴 20개
회의는 어떻게 됐어요?,How did the meeting go?,회사에서 지겹도록 듣게되는 영어 문장 40개
잘 진행되었어요,It went pretty well,회사에서 지겹도록 듣게되는 영어 문장 40개
인터뷰는 그렇게 잘 되진 않았어요,The interview didn't go so well,회사에서 지겹도록 듣게되는 영어 문장 40개
프로젝트는 어떻게 되어가고 있어요?,How's the project going?,회사에서 지겹도록 듣게되는 영어 문장 40개
다음회의 날짜는 정했나요?,Did we wet a date for our next meeting?,회사에서 지겹도록 듣게되는 영어 문장 40개
걱정하지 마세요. 제가 최대한 빨리 처리할게요,Don't worry. I'll take care of it as soon as I can,회사에서 지겹도록 듣게되는 영어 문장 40개
그건 이미 처리되었어요.,It's already been taken care of.,회사에서 지겹도록 듣게되는 영어 문장 40개
제 어시스턴트 보고 바로 처리하라고 하겠습니다.,I'll have my assistant take care of that right away.,회사에서 지겹도록 듣게되는 영어 문장 40개
한 부 복사해드릴까요?,Do you want me to make you a copy?,회사에서 지겹도록 듣게되는 영어 문장 40개
그 이메일 저에게 보내줄 수 있어요?,Can you forward me that email?,회사에서 지겹도록 듣게되는 영어 문장 40개
프린터기가 고낭잔 것 같아요.,Something's wrong with the printer / The printer is not working,회사에서 지겹도록 듣게되는 영어 문장 40개
Wifi가 안되네요,The wifi is not working,회사에서 지겹도록 듣게되는 영어 문장 40개
컴퓨터는 다 썼어요?,Are you done with the computer?,회사에서 지겹도록 듣게되는 영어 문장 40개
Jim이 늦는 것 같아요,I think Jim's running a little late,회사에서 지겹도록 듣게되는 영어 문장 40개
제가 오늘 오후에 시간을 내볼게요.,I'll try to make some time this afternoon.,회사에서 지겹도록 듣게되는 영어 문장 40개
수치를 이미 두번이나 확인했어요.,I already double-checked the figures.,회사에서 지겹도록 듣게되는 영어 문장 40개
그분과 다시 한번 확인해 볼게요.,Let me double-check with her.,회사에서 지겹도록 듣게되는 영어 문장 40개
자세한 내용은 잘 모릅니다.,I don't know the details yet.,회사에서 지겹도록 듣게되는 영어 문장 40개
추가 정보를 입수하게 되면 알려드릴게요.,I'll let you know once I get more info on it.,회사에서 지겹도록 듣게되는 영어 문장 40개
얼마나 걸리는지 대강이라도 알려줄 수 있을까요?,Can you give me a rough idea how long it'll take?,회사에서 지겹도록 듣게되는 영어 문장 40개
아마 일주일 정도 걸릴 것 같아요.,It'll take roughly a week.,회사에서 지겹도록 듣게되는 영어 문장 40개
빠듯한 기한을 맞춰야 해서요.,We're on a tight deadline.,회사에서 지겹도록 듣게되는 영어 문장 40개
마감기한이 좀 빠듯하네요.,The deadline is a little tight.,회사에서 지겹도록 듣게되는 영어 문장 40개
절반 밖에 못 끝냈는데 마감일을 맞출 수 있을까요?,We're only halfway through. Do you think we could make the deadline?,회사에서 지겹도록 듣게되는 영어 문장 40개
마감기한을 연장해 달라고 요청해야할 것 같아요.,I think we might have to ask for an extension.,회사에서 지겹도록 듣게되는 영어 문장 40개
제가 그분에게 연락해 볼게요.,I'll try to get in touch with him.,회사에서 지겹도록 듣게되는 영어 문장 40개
저희가 다시 연락드리겠습니다.,We'll be in touch.,회사에서 지겹도록 듣게되는 영어 문장 40개
제가 아침에 전화드렸었어요.,I tried to reach you this morning.,회사에서 지겹도록 듣게되는 영어 문장 40개
지금 가는 중인데 10분 후에 도착할 것 같아요.,"I'm on my way, so I'll be there in 10 minutes.",회사에서 지겹도록 듣게되는 영어 문장 40개
죄송합니다. 제시간에 도착하지 못할 것 같아요.,I'm sorry. I don't think I'll be able to make it on time.,회사에서 지겹도록 듣게되는 영어 문장 40개
1시 회의에 오실 수 있으세요?,Can you make the 1 o'clock meeting?,회사에서 지겹도록 듣게되는 영어 문장 40개
상황이 어떻게 되는지 지켜봅시다.,Let's see how it goes.,회사에서 지겹도록 듣게되는 영어 문장 40개
협상이 어떻게 진행되는지 지켜본 다음 결정합시다.,Let's see how the negotitation goes and then make adecision afterwards.,회사에서 지겹도록 듣게되는 영어 문장 40개
다음 주까지 보고서를 준비할게요.,I'll put together a report by next week.,회사에서 지겹도록 듣게되는 영어 문장 40개
어떤 것을 말씀하시는지 잘 모르겠네요.,I'm not sure what you're referring to.,회사에서 지겹도록 듣게되는 영어 문장 40개
죄송합니다만 그 제품을 더 이상 취급하지 않습니다.,I'm sorry. We no longer carry that item.,회사에서 지겹도록 듣게되는 영어 문장 40개
제 보고서 잠깐만 봐줄 수 있어요?,Can you take a quick look at my report?,회사에서 지겹도록 듣게되는 영어 문장 40개
Kevin 회의를 시작해 주시겠어요?,"Kevin, can you kick us off? Kevin, can you start us off?",회사에서 지겹도록 듣게되는 영어 문장 40개
이제 마무리를 해야할 시간이 된 것 같아요.,I think it's time for us to wrap up.,회사에서 지겹도록 듣게되는 영어 문장 40개
이 부분은 내일 다시 얘기합시다.,Let's come back to this tomorrow.,회사에서 지겹도록 듣게되는 영어 문장 40개
이 부분은 나중에 얘기해도 될까요?,Can we come back to this later?,회사에서 지겹도록 듣게되는 영어 문장 40개
연락 주셔서 감사합니다.,Thank you for reaching out to me. ,비즈니스 이메일 핵심패턴 15개
신속히 회신주셔서 감사합니다.,Thank you for your quick/prompt/swift response. ,비즈니스 이메일 핵심패턴 15개
신속히 회신주셔서 감사합니다. (더 캐주얼한표현),Thank you for getting back to me so quickly.,비즈니스 이메일 핵심패턴 15개
잘 지내고 계시길 바랍니다. (조금 뜸하게 연락하는경우),I hope you’re doing well. ,비즈니스 이메일 핵심패턴 15개
좋은 하루/한주 보내시기 바랍니다. (자주 연락하는 경우),I hope you’re having a great day/week. ,비즈니스 이메일 핵심패턴 15개
하루/한주가 좋은 시작이 되었기를 바랍니다.,I hope your day/week got off to a good/great start. ,비즈니스 이메일 핵심패턴 15개
지난주에 만나주셔서 감사하다는 말씀을 전하고 싶었어요.,I just wanted to thank you for meeting with me last week. ,비즈니스 이메일 핵심패턴 15개
나는 단지 당신이 내 제안을 살펴볼 기회가 있었는지 알고 싶었을 뿐입니다.,I just wanted to see if you had a chance to take a look at my proposal. ,비즈니스 이메일 핵심패턴 15개
제가 오늘 회의에 참석하지 않을 것이라는 점을 간단히 알려드립니다.,Just a quick note to let you know that I won’t be joining the meeting today. ,비즈니스 이메일 핵심패턴 15개
궁금한 점이 있으면 알려주시기 바랍니다.,Please let me know if you have any questions. ,비즈니스 이메일 핵심패턴 15개
그것이 괜찮은지 알려주세요.,Please let me know if that works for you. ,비즈니스 이메일 핵심패턴 15개
편하실 때 가능한 빨리 알려주세요.,Please let me know at your earliest convenience. ,비즈니스 이메일 핵심패턴 15개
빠른 시일 내에 회신해 주시면 감사하겠습니다.,I would be grateful if you could reply at your earliest convenience. ,비즈니스 이메일 핵심패턴 15개
제 보고서를 좀 봐주실 수 있을까 해서요,I was wondering if you could look over my report. ,비즈니스 이메일 핵심패턴 15개
우리가 회의를 잡아도 될까요?,Could we arrange a meeting?,비즈니스 이메일 핵심패턴 15개
회의가 수요일로 연기되었음을 참고해주세요.,Please note that the meeting has been pushed back to Wednesday. ,비즈니스 이메일 핵심패턴 15개
자세한 내용은 첨부파일을 참조하시기 바랍니다.,Please refer to the attachment for more details. ,비즈니스 이메일 핵심패턴 15개
궁금한 점이 있으면 언제든지 저에게 문의해 주세요.,"Should you have any questions, feel free to reach out to me. ",비즈니스 이메일 핵심패턴 15개
요청하신대로 최신 카탈로그를 보내드리겠습니다.,"As requested, I’m sending you our latest catalogue. ",비즈니스 이메일 핵심패턴 15개
여기 당신이 원했던 정보입니다.,Here is the information you wanted.,비즈니스 이메일 핵심패턴 15개
첨부파일을 확인해주세요.,Please see/find the attached file. ,비즈니스 이메일 핵심패턴 15개
통화하는분 성함이 어떻게되시죠?,Who am I speaking to?,직장인을 위한 전화 영어 표현 10개
통화하는분 성함이 어떻게되시죠?,May I ask who's calling?,직장인을 위한 전화 영어 표현 10개
잠시 후에 연결해 드리겠습니다.,I'll put you through in a moment,직장인을 위한 전화 영어 표현 10개
Mr.Jones께서 통화 가능하신지 알아보겠습니다.,I'll see if Mr. Jones is available,직장인을 위한 전화 영어 표현 10개
잠시만 기다려 주시겠어요?,Can I put you on hold? ,직장인을 위한 전화 영어 표현 10개
잠시만 기다려 주세요. 통화 가능한지 알아볼게요.,Just a moment. I’ll see if he’s available. ,직장인을 위한 전화 영어 표현 10개
잠시만 기다려 주세요.,Just one second.,직장인을 위한 전화 영어 표현 10개
지금 외근 중이십니다.,He’s out at the moment.,직장인을 위한 전화 영어 표현 10개
아니요. 지금은 없습니다,No. Not at the moment.,직장인을 위한 전화 영어 표현 10개
아파서 결근하셨어요.,He’s out/off sick today,직장인을 위한 전화 영어 표현 10개
방금 잠깐 나가셨는데 곧 돌아오실 겁니다.,"He just stepped out, but he should be back soon. ",직장인을 위한 전화 영어 표현 10개
지금 자리에 안계십니다. 나중에 다시 전화 주시겠어요?,He’s away from his desk at the moment. Would you like to try back later? ,직장인을 위한 전화 영어 표현 10개
지금 얘기하기 괜찮으세요?,Is this a good time to talk? ,직장인을 위한 전화 영어 표현 10개
혹시 곤란할 때 전화했나요? 찾아왔나요?,Am I catching you at a bad time?,직장인을 위한 전화 영어 표현 10개
회의에 참여해 주신 모든 분들께 감사드립니다.,Thank you everyone for joining the call.,화상회의 시 꼭 필요한 영어표현 12개
회의에 더 참석하실분이 계신가요?,Is anyone else joining the call?,화상회의 시 꼭 필요한 영어표현 12개
모두 접속해있나요?,Is everyone on the line?,화상회의 시 꼭 필요한 영어표현 12개
"John, 접속해있나요?","John, are you on? ",화상회의 시 꼭 필요한 영어표현 12개
아쉽게도 Mr.김은 오늘 참석하지 않으실 거예요.,"Unfortunately, Mr.Kim won’t be joining us today.",화상회의 시 꼭 필요한 영어표현 12개
오늘은 Mr.김이 참석할 수 없을 것 같습니다.,I’m afraid Mr.Kim can’t be with us today. ,화상회의 시 꼭 필요한 영어표현 12개
"존, 음소거 해줄 수 있나요?",John can you go on mute? ,화상회의 시 꼭 필요한 영어표현 12개
음소거 해주실 수 있나요?,Can you put yourself on mute?,화상회의 시 꼭 필요한 영어표현 12개
"수잔, 음소거를 해제해 주실 수 있나요?","Susan, could you unmute yourself?",화상회의 시 꼭 필요한 영어표현 12개
"수잔, 당신은 음소거 상태일 수도 있습니다","Susan, you may/might be on mute",화상회의 시 꼭 필요한 영어표현 12개
"수잔, 안 들려요. 음소거 상태인지 확인할 수 있나요?",Susan I can't hear you. Can you see if you're on mute?,화상회의 시 꼭 필요한 영어표현 12개
죄송합니다만 다른 회의에 들어가야 합니다.,"I’m sorry, but I need to jump on another call. ",화상회의 시 꼭 필요한 영어표현 12개
죄송해요. 다른 회의에 참석해야겠어요. 곧 다시 얘기하겠습니다.,"Sorry, I gotta hop on another call. We’ll talk again soon. ",화상회의 시 꼭 필요한 영어표현 12개
"수잔, 소리가 끊겨서 들려요. 연결 상태를 확인할 수 있나요?","Susan, you're breaking up. Can you check your connection?",화상회의 시 꼭 필요한 영어표현 12개
아직도 제 소리가 끊겨서 들리나요?,Am I still breaking up?,화상회의 시 꼭 필요한 영어표현 12개
"톰, 잠시 연결이 끊어졌어요. 다시 말씀해 주시겠어요?","Tom, we lost you for a minute. Can you say that again?",화상회의 시 꼭 필요한 영어표현 12개
죄송해요. 방금 제가 연결이 끊어졌어요.,"Sorry, I just got cut off.",화상회의 시 꼭 필요한 영어표현 12개
채팅(창)에 링크를 공유해주실 수 있나요?,Can you share the link in the chat (box)? ,화상회의 시 꼭 필요한 영어표현 12개
질문이나 의견이 있으시면 채팅(창)에 자유롭게 입력해 주세요.,"If you have any questions or comments, feel free to type them in the chat (box).",화상회의 시 꼭 필요한 영어표현 12개
잠시만요. 화면에 슬라이드를 공유하겠습니다.,Just a moment. Let me pull up the slides.,화상회의 시 꼭 필요한 영어표현 12개
잠시만요. 아직 불러오고 있어요,Just a second. It's still loading.,화상회의 시 꼭 필요한 영어표현 12개
제가 잠깐 여기서 말해도 될까요?,Can I jump in here for a second?,화상회의 시 꼭 필요한 영어표현 12개
질문이나 의견이 있으면 언제든지 말씀해주세요.,Feel free to jump in with any questions or comments.,화상회의 시 꼭 필요한 영어표현 12개
끼어들어서 미안해요.,Sorry to jump in.,화상회의 시 꼭 필요한 영어표현 12개
